{"properties": [
  {
    "name": "db.url",
    "type": "java.lang.String",
    "description": "A description for 'db.url'"
  },
  {
    "name": "db.username",
    "type": "java.lang.String",
    "description": "A description for 'db.username'"
  },
  {
    "name": "db.password",
    "type": "java.lang.String",
    "description": "A description for 'db.password'"
  },
  {
    "name": "db.driver-class-name",
    "type": "java.lang.String",
    "description": "A description for 'db.driver-class-name'"
  }
]}